{"cameraMode":{"drawMode":0,"name":"Shaded","section":"Shading Mode"},"sceneLighting":false,"audioPlay":false,"sceneViewState":{"showFog":true,"showMaterialUpdate":false,"showSkybox":false,"showFlares":true,"showImageEffects":true,"showParticleSystems":true},"in2DMode":false,"pivot":{"x":23.701120376586915,"y":0.6582319140434265,"z":0.7467097640037537},"rotation":{"x":-0.07251077890396118,"y":-0.32629990577697756,"z":0.025112537667155267,"w":-0.9421464800834656},"size":3.9766125679016115,"orthographic":false}