{"cameraMode":{"drawMode":0,"name":"Shaded","section":"Shading Mode"},"sceneLighting":true,"audioPlay":false,"sceneViewState":{"showFog":true,"showMaterialUpdate":false,"showSkybox":true,"showFlares":true,"showImageEffects":true,"showParticleSystems":true},"in2DMode":false,"pivot":{"x":5.526190280914307,"y":6.295158386230469,"z":-7.8389081954956059},"rotation":{"x":-0.0842120572924614,"y":0.002581341192126274,"z":-0.00021866137103643268,"w":-0.9964445233345032},"size":14.707856178283692,"orthographic":false}